++++++++++++++++++++++++++++++++++++++++++++++++++++++++++++++++++++++++++
WriteUserLink : Adding a UserLink : aterrel// Andy R. Terrel
WriteUserLink : Adding a UserLink : changhiskhan// Chang She
WriteUserLink : Adding a UserLink : clarkfitzg// Clark Fitzgerald
WriteUserLink : Adding a UserLink : codersquid// Sheila Miguez
WriteUserLink : Adding a UserLink : cpcloud// Phillip Cloud
WriteUserLink : Adding a UserLink : davidastephens// David Stephens
WriteUserLink : Adding a UserLink : fperez// Fernando Perez
WriteUserLink : Adding a UserLink : hayd// Andy Hayden
WriteUserLink : Adding a UserLink : jnmclarty// Jeffrey McLarty
WriteUserLink : Adding a UserLink : jseabold// Skipper Seabold
WriteUserLink : Adding a UserLink : jtratner// Jeff Tratner
WriteUserLink : Adding a UserLink : lodagro// Wouter Overmeire
WriteUserLink : Adding a UserLink : njsmith// Nathaniel J. Smith
WriteUserLink : Adding a UserLink : ogrisel// Olivier Grisel
WriteUserLink : Adding a UserLink : sdiehl// Stephen Diehl
WriteUserLink : Adding a UserLink : shoyer// Stephan Hoyer
WriteUserLink : Adding a UserLink : sinhrks// Sinhrks
WriteUserLink : Adding a UserLink : takluyver// Thomas Kluyver
WriteUserLink : Adding a UserLink : teoliphant// Travis E. Oliphant
WriteUserLink : Adding a UserLink : wesm// Wes McKinney
WriteUserLink : Adding a UserLink : jreback// Jeff Reback
WriteUserLink : Adding a UserLink : yarikoptic// Yaroslav Halchenko
WriteUserLink : Adding a UserLink : alefnula// Viktor Kerkez
WriteUserLink : Adding a UserLink : aflaxman// Abraham Flaxman
WriteUserLink : Adding a UserLink : garaud// Damien Garaud
WriteUserLink : Adding a UserLink : jorisvandenbossche// Joris Van den Bossche
WriteUserLink : Adding a UserLink : bburan-galenea// Brad Buran
WriteUserLink : Adding a UserLink : neirbowj// John W. O'Brien
WriteUserLink : Adding a UserLink : adamklein// Adam Klein
WriteUserLink : Adding a UserLink : dsm054// DSM
WriteUserLink : Adding a UserLink : graingert// Thomas Grainger
WriteUserLink : Adding a UserLink : michaelaye// K.-Michael Aye
WriteUserLink : Adding a UserLink : danbirken// Dan Birken
WriteUserLink : Adding a UserLink : parthea// Anthonios Partheniou
WriteUserLink : Adding a UserLink : Moisan// Thierry Moisan
WriteUserLink : Adding a UserLink : nipunbatra// Nipun Batra
WriteUserLink : Adding a UserLink : kshedden// Kerby Shedden
WriteUserLink : Adding a UserLink : Garrett-R// Garrett Reynolds
WriteUserLink : Adding a UserLink : varun-kr// Varun Kumar
WriteUserLink : Adding a UserLink : TomAugspurger// Tom Augspurger
WriteUserLink : Adding a UserLink : onesandzeroes// Marius Mather
WriteUserLink : Adding a UserLink : blbradley// Brandon Bradley
WriteUserLink : Adding a UserLink : snth// Tobias Brandt
WriteUserLink : Adding a UserLink : nehalecky// Nicholaus Halecky
WriteUserLink : Adding a UserLink : orbitfold// Vytautas Jancauskas
WriteUserLink : Adding a UserLink : spencerlyon2// Spencer Lyon
WriteUserLink : Adding a UserLink : jsexauer// Jason Sexauer
WriteUserLink : Adding a UserLink : invisibleroads// Roy Hyunjin Han
WriteUserLink : Adding a UserLink : westurner// Wes Turner
WriteUserLink : Adding a UserLink : MaximilianR// Maximilian Roos
WriteUserLink : Adding a UserLink : cgohlke// Christoph Gohlke
WriteUserLink : Adding a UserLink : qwhelan// Christopher Whelan
WriteUserLink : Adding a UserLink : tshauck// Trent Hauck
WriteUserLink : Adding a UserLink : behzadnouri// behzad nouri
WriteUserLink : Adding a UserLink : toobaz// Pietro Battiston
WriteUserLink : Adding a UserLink : BranYang// Bran Yang
WriteUserLink : Adding a UserLink : glyg// Guillaume Gay
WriteUserLink : Adding a UserLink : tomazberisa// Tomaz
WriteUserLink : Adding a UserLink : Winterflower// Camilla
WriteUserLink : Adding a UserLink : cancan101// Alex Rothberg
WriteUserLink : Adding a UserLink : mortada// Mortada Mehyar
WriteUserLink : Adding a UserLink : mwiebe// Mark Wiebe
WriteUserLink : Adding a UserLink : ischwabacher// Isaac Schwabacher
WriteUserLink : Adding a UserLink : lbeltrame// Luca Beltrame
WriteUserLink : Adding a UserLink : kawochen// Ka Wo Chen
WriteUserLink : Adding a UserLink : msabramo// Marc Abramowitz
WriteUserLink : Adding a UserLink : Komnomnomnom// Kieran O'Mahony
WriteUserLink : Adding a UserLink : nbonnotte// Nicolas Bonnotte
WriteUserLink : Adding a UserLink : bjonen// Benjamin Jonen
WriteUserLink : Adding a UserLink : jvkersch// Joris Vankerschaver
WriteUserLink : Adding a UserLink : bwignall// Brian Wignall
WriteUserLink : Adding a UserLink : guyrt// Tommy Guy
WriteUserLink : Adding a UserLink : larsmans// Lars
WriteUserLink : Adding a UserLink : scari// Younggun, Kim
WriteUserLink : Adding a UserLink : PKEuS// PKEuS
WriteUserLink : Adding a UserLink : janschulz// Jan Schulz
WriteUserLink : Adding a UserLink : nickeubank// Nick Eubank
WriteUserLink : Adding a UserLink : immerrr// dennis again
WriteUserLink : Adding a UserLink : adamobeng// Adam Obeng
WriteUserLink : Adding a UserLink : mdmueller// Michael Mueller
WriteUserLink : Adding a UserLink : khughitt// Keith Hughitt
WriteUserLink : Adding a UserLink : evanpw// Evan Wright
WriteUserLink : Adding a UserLink : filmor// Benedikt Reinartz
WriteUserLink : Adding a UserLink : terrytangyuan// Yuan (Terry) Tang
WriteUserLink : Adding a UserLink : hsperr// hsperr
WriteUserLink : Adding a UserLink : tkf// Takafumi Arakaki
WriteUserLink : Adding a UserLink : blais// Martin Blais
WriteUserLink : Adding a UserLink : rockg// Grant Roch
WriteUserLink : Adding a UserLink : goyodiaz// Goyo
WriteUserLink : Adding a UserLink : jmcnamara// John McNamara
WriteUserLink : Adding a UserLink : gregglind// Gregg Lind
WriteUserLink : Adding a UserLink : dbew// David Bew
WriteUserLink : Adding a UserLink : stephenwlin// Stephen W Lin
WriteUserLink : Adding a UserLink : jacobschaer// Jacob Schaer
WriteUserLink : Adding a UserLink : jwkvam// Jacques Kvam
WriteUserLink : Adding a UserLink : gliptak// Gábor Lipták
WriteUserLink : Adding a UserLink : clham// Chris Ham
WriteUserLink : Adding a UserLink : danielballan// Dan Allan
WriteUserLink : Adding a UserLink : ajcr// Alex Riley
WriteUserLink : Adding a UserLink : IamGianluca// Gianluca Rossi
WriteUserLink : Adding a UserLink : dalejung// Dale Jung
WriteUserLink : Adding a UserLink : vincentarelbundock// Vincent Arel-Bundock
WriteUserLink : Adding a UserLink : chappers// Chapman Siu
WriteUserLink : Adding a UserLink : kevinastone// Kevin Stone
WriteUserLink : Adding a UserLink : ivanov// Paul Ivanov
WriteUserLink : Adding a UserLink : llllllllll// Joe Jevnik
WriteUserLink : Adding a UserLink : metakermit// Dražen Lučanin
WriteUserLink : Adding a UserLink : proinsias// Francis T. O'Donovan
WriteUserLink : Adding a UserLink : smc77// Shane Conway
WriteUserLink : Adding a UserLink : davidshinn// David Shinn
WriteUserLink : Adding a UserLink : echlebek// Eric Chlebek
WriteUserLink : Adding a UserLink : lesteve// Loïc Estève
WriteUserLink : Adding a UserLink : dnmiller// Dan Miller
WriteUserLink : Adding a UserLink : dengemann// Denis A. Engemann
WriteUserLink : Adding a UserLink : grahamjeffries// Graham R. Jeffries
WriteUserLink : Adding a UserLink : wabu// Daniel Davis
WriteUserLink : Adding a UserLink : vfilimonov// Vladimir Filimonov
WriteUserLink : Adding a UserLink : joshuaar// Josh Richer
WriteUserLink : Adding a UserLink : hkleynhans// Henry Kleynhans
WriteUserLink : Adding a UserLink : tvyomkesh// vyom
WriteUserLink : Adding a UserLink : htkm// Hyungtae Kim
WriteUserLink : Adding a UserLink : ogiaquino// ogiaquino
WriteUserLink : Adding a UserLink : mcwitt// Matt Wittmann
WriteUserLink : Adding a UserLink : certik// Ondřej Čertík
WriteUserLink : Adding a UserLink : insertinterestingnamehere// Ian Henriksen
WriteUserLink : Adding a UserLink : prossahl// Paul Ross - AHL
WriteUserLink : Adding a UserLink : paddymul// Paddy Mullen
WriteUserLink : Adding a UserLink : gpoulin// Guillaume Poulin
WriteUserLink : Adding a UserLink : aldanor// Ivan Smirnov
WriteUserLink : Adding a UserLink : waitingkuo// Wei-Ting Kuo
WriteUserLink : Adding a UserLink : patricktokeeffe// Patrick O'Keeffe
WriteUserLink : Adding a UserLink : fvia// Francesc Via
WriteUserLink : Adding a UserLink : JackKelly// Jack Kelly
WriteUserLink : Adding a UserLink : adamgreenhall// Adam Greenhall
WriteUserLink : Adding a UserLink : pprett// Peter Prettenhofer
WriteUserLink : Adding a UserLink : jaidevd// Jaidev Deshpande
WriteUserLink : Adding a UserLink : chrisjbillington// Chris Billington
WriteUserLink : Adding a UserLink : flying-sheep// Philipp A.
WriteUserLink : Adding a UserLink : marcua// Adam Marcus
WriteUserLink : Adding a UserLink : parlarjb// Jay Parlar
WriteUserLink : Adding a UserLink : alfonsomhc// Alfonso MHC
WriteUserLink : Adding a UserLink : soupault// Egor Panfilov
WriteUserLink : Adding a UserLink : rcarneva// Randy Carnevale
WriteUserLink : Adding a UserLink : aevri// Angelos Evripiotis
WriteUserLink : Adding a UserLink : papaloizouc// charalampos papaloizou
WriteUserLink : Adding a UserLink : jmellen// Jeff Mellen
WriteUserLink : Adding a UserLink : rinoc// Rinoc Johnson
WriteUserLink : Adding a UserLink : brendam// Brenda Moon
WriteUserLink : Adding a UserLink : aisipos// Anton Ian Sipos
WriteUserLink : Adding a UserLink : jcrist// Jim Crist
WriteUserLink : Adding a UserLink : roblevy// Rob Levy
WriteUserLink : Adding a UserLink : Dr-Irv// Dr. Irv
WriteUserLink : Adding a UserLink : jbradish// Joe Bradish
WriteUserLink : Adding a UserLink : rgieseke// Robert Gieseke
WriteUserLink : Adding a UserLink : dacoex// DaCoEx
WriteUserLink : Adding a UserLink : bthyreau// Benjamin Thyreau
WriteUserLink : Adding a UserLink : jdreaver// David Reaver
WriteUserLink : Adding a UserLink : RomanPekar// Roman Pekar
WriteUserLink : Adding a UserLink : artemyk// Artemy Kolchinsky
WriteUserLink : Adding a UserLink : rekcahpassyla// Petra Chong
WriteUserLink : Adding a UserLink : thejohnfreeman// John Freeman
WriteUserLink : Adding a UserLink : xflr6// Sebastian Bank
WriteUserLink : Adding a UserLink : wuan// Andreas Würl
WriteUserLink : Adding a UserLink : John-Colvin// John Colvin
WriteUserLink : Adding a UserLink : benjwadams// Benjamin Adams
WriteUserLink : Adding a UserLink : bwillers// Bernard Willers
WriteUserLink : Adding a UserLink : sh9189// Shahul Khajamohideen
WriteUserLink : Adding a UserLink : billletson// Bill Letson
WriteUserLink : Adding a UserLink : matthewgilbert// Matthew Gilbert
WriteUserLink : Adding a UserLink : jjoonathan// Jonathan deWerd
WriteUserLink : Adding a UserLink : SleepingPills// Tom Farnbauer
WriteUserLink : Adding a UserLink : benalexau// Ben Alex
WriteUserLink : Adding a UserLink : jvns// Julia Evans
WriteUserLink : Adding a UserLink : iwschris// Chris Reynolds
WriteUserLink : Adding a UserLink : karmel// Karmel Allison
WriteUserLink : Adding a UserLink : jd// Julien Danjou
WriteUserLink : Adding a UserLink : tacaswell// Thomas A Caswell
WriteUserLink : Adding a UserLink : cstoafer// Chris Stoafer
WriteUserLink : Adding a UserLink : jcbozonier// Justin Bozonier
WriteUserLink : Adding a UserLink : OXPHOS// Pan Deng / Zora
WriteUserLink : Adding a UserLink : tiagoantao// Tiago Antao
WriteUserLink : Adding a UserLink : cmeeren// Christer van der Meeren
WriteUserLink : Adding a UserLink : jlec// Justin Lecher
WriteUserLink : Adding a UserLink : hoechenberger// Richard Höchenberger
WriteUserLink : Adding a UserLink : tr11// Tiago Requeijo
WriteUserLink : Adding a UserLink : quantifiedcode-bot// Cody
WriteUserLink : Adding a UserLink : kisielk// Kamil Kisiel
WriteUserLink : Adding a UserLink : robintw// Robin Wilson
WriteUserLink : Adding a UserLink : tvaught// Travis N. Vaught
WriteUserLink : Adding a UserLink : ringw// Dan Ringwalt
WriteUserLink : Adding a UserLink : captainsafia// Safia Abdalla
WriteUserLink : Adding a UserLink : fabriziop// Fabrizio Pollastri
WriteUserLink : Adding a UserLink : esc// Valentin Haenel
WriteUserLink : Adding a UserLink : mazieres// Antoine Mazières
WriteUserLink : Adding a UserLink : lmjohns3// Leif Johnson
WriteUserLink : Adding a UserLink : santegoeds// Tjerk Santegoeds
WriteUserLink : Adding a UserLink : Wilfred// Wilfred Hughes
WriteUserLink : Adding a UserLink : ajamian// Tom Ajamian
WriteUserLink : Adding a UserLink : slonik-az// Leo Razoumov
WriteUserLink : Adding a UserLink : willfurnass// Will Furnass
WriteUserLink : Adding a UserLink : adgaudio// Alex Gaudio
WriteUserLink : Adding a UserLink : matthew-brett// Matthew Brett
WriteUserLink : Adding a UserLink : gepcel// WANG Aiyong
WriteUserLink : Adding a UserLink : schettino72// eduardo naufel schettino
WriteUserLink : Adding a UserLink : wholmgren// Will Holmgren
WriteUserLink : Adding a UserLink : aechase// Alex Chase
WriteUserLink : Adding a UserLink : joshklein// Josh Klein
WriteUserLink : Adding a UserLink : evectant// Alex Alekseyev
WriteUserLink : Adding a UserLink : ElDeveloper// Yoshiki Vázquez Baeza
WriteUserLink : Adding a UserLink : andrewkittredge// Andrew Kittredge
WriteUserLink : Adding a UserLink : jakevdp// Jake Vanderplas
WriteUserLink : Adding a UserLink : jonaslb// Jonas L. B.
WriteUserLink : Adding a UserLink : nmichaud// Naveen Michaud-Agrawal
WriteUserLink : Adding a UserLink : dlovell// Dan Lovell
WriteUserLink : Adding a UserLink : benjaminmgross// Benjamin Gross
WriteUserLink : Adding a UserLink : jaimefrio// Jaime
WriteUserLink : Adding a UserLink : jmorris0x0// jmorris0x0
WriteUserLink : Adding a UserLink : danxshap// Daniel Shapiro
WriteUserLink : Adding a UserLink : benoitpointet// Benoît Pointet
WriteUserLink : Adding a UserLink : phaebz// phaebz
WriteUserLink : Adding a UserLink : davclark// Dav Clark
WriteUserLink : Adding a UserLink : gabrielaraujof// Gabriel Araujo
WriteUserLink : Adding a UserLink : benoit9126// Benoît Vinot
WriteUserLink : Adding a UserLink : waveform80// Dave Jones
WriteUserLink : Adding a UserLink : bjornarneson// Bjorn Arneson
WriteUserLink : Adding a UserLink : gdementen// Gaëtan de Menten
WriteUserLink : Adding a UserLink : cottrell// David Cottrell
WriteUserLink : Adding a UserLink : BorisVerk// Boris Verkhovskiy
WriteUserLink : Adding a UserLink : commonlisp// George Kuan
WriteUserLink : Adding a UserLink : taeold// Daniel Lee
WriteUserLink : Adding a UserLink : djgagne// David John Gagne
WriteUserLink : Adding a UserLink : brandon-rhodes// Brandon Rhodes
WriteUserLink : Adding a UserLink : tdsmith// tim smith
WriteUserLink : Adding a UserLink : gouthambs// Goutham Balaraman
WriteUserLink : Adding a UserLink : davidljung// David Jung
WriteUserLink : Adding a UserLink : ellisonbg// Brian E. Granger
WriteUserLink : Adding a UserLink : lgautier// Laurent Gautier
WriteUserLink : Adding a UserLink : gwtaylor// Graham Taylor
WriteUserLink : Adding a UserLink : DavidKelly999// David Kelly
WriteUserLink : Adding a UserLink : bmcguirk// Brian J. McGuirk
WriteUserLink : Adding a UserLink : gjreda// Greg Reda
WriteUserLink : Adding a UserLink : iblis17// Iblis Lin
WriteUserLink : Adding a UserLink : drasch// David Rasch
WriteUserLink : Adding a UserLink : bjacobowski// Brian Jacobowski
WriteUserLink : Adding a UserLink : mrpoor// Gregory
WriteUserLink : Adding a UserLink : thrasibule// Thrasibule
WriteUserLink : Adding a UserLink : wolever// David Wolever
WriteUserLink : Adding a UserLink : bquistorff// Brian Quistorff
WriteUserLink : Adding a UserLink : kyleam// Kyle Meyer
WriteUserLink : Adding a UserLink : harshnisar// Harsh Nisar
WriteUserLink : Adding a UserLink : diazona// David Zaslavsky
WriteUserLink : Adding a UserLink : alanhdu// Alan Du
WriteUserLink : Adding a UserLink : has2k1// Hassan Kibirige
WriteUserLink : Adding a UserLink : milkypostman// Donald Curtis
WriteUserLink : Adding a UserLink : adeodatus// Chase
WriteUserLink : Adding a UserLink : undertherain// Aleksandr Drozd
WriteUserLink : Adding a UserLink : Dorozhko-Anton// Dorozhko Anton
WriteUserLink : Adding a UserLink : pykler// Hatem Nassrat
WriteUserLink : Adding a UserLink : kidphys// Minh Chau
WriteUserLink : Adding a UserLink : alexamici// Alessandro Amici
WriteUserLink : Adding a UserLink : carroux// Chris Carroux
WriteUserLink : Adding a UserLink : erg// Doug Coleman
WriteUserLink : Adding a UserLink : HHammond// Henry Hammond
WriteUserLink : Adding a UserLink : AllenDowney// Allen Downey
WriteUserLink : Adding a UserLink : lepture// Hsiaoming Yang
WriteUserLink : Adding a UserLink : chrisgilmerproj// Chris Gilmer
WriteUserLink : Adding a UserLink : gandalf013// Alok Singhal
WriteUserLink : Adding a UserLink : drewfustin// Drew Fustin
WriteUserLink : Adding a UserLink : yrlihuan// yrlihuan
WriteUserLink : Adding a UserLink : chmullig// Chris Mulligan
WriteUserLink : Adding a UserLink : hoh// Hugo Herter
WriteUserLink : Adding a UserLink : cjw296// Chris Withers
WriteUserLink : Adding a UserLink : andreabedini// Andrea Bedini
WriteUserLink : Adding a UserLink : dashesy// Ehsan Azar
WriteUserLink : Adding a UserLink : berendt// Christian Berendt
WriteUserLink : Adding a UserLink : ihoegen// Ian Hoegen
WriteUserLink : Adding a UserLink : andreas-h// Andreas Hilboll
WriteUserLink : Adding a UserLink : yieldsfalsehood// Elliot S
WriteUserLink : Adding a UserLink : aaront// Aaron T.
WriteUserLink : Adding a UserLink : geier// Christian Geier
WriteUserLink : Adding a UserLink : akloster// Andreas Klostermann
WriteUserLink : Adding a UserLink : chrish42// Christian Hudon
WriteUserLink : Adding a UserLink : ilblackdragon// Illia Polosukhin
WriteUserLink : Adding a UserLink : embray// Erik Bray
WriteUserLink : Adding a UserLink : burrowsa// Andrew Burrows
WriteUserLink : Adding a UserLink : homiziado// Ernesto Freitas
WriteUserLink : Adding a UserLink : isms// Isaac Slavitt
WriteUserLink : Adding a UserLink : agartland// Andrew Fiore-Gartland
WriteUserLink : Adding a UserLink : chrisaycock// Christopher C. Aycock
WriteUserLink : Adding a UserLink : dukebody// Israel Saeta Pérez
WriteUserLink : Adding a UserLink : tinproject// Agustín Herranz
WriteUserLink : Adding a UserLink : havoc-io// Jacob Howard
WriteUserLink : Adding a UserLink : carpevitam// Andy Li
WriteUserLink : Adding a UserLink : cscanlin// Chris Scanlin
WriteUserLink : Adding a UserLink : felixlawrence// Felix Lawrence
WriteUserLink : Adding a UserLink : clearf// Chris Clearfield
WriteUserLink : Adding a UserLink : jwass// Jacob Wasserman
WriteUserLink : Adding a UserLink : codypiersall// Cody Piersall
WriteUserLink : Adding a UserLink : terfn// Filip Tér
WriteUserLink : Adding a UserLink : ashwch// Ashwini Chaudhary
WriteUserLink : Adding a UserLink : cgevans// Constantine Evans
WriteUserLink : Adding a UserLink : jameshiebert// James Hiebert
WriteUserLink : Adding a UserLink : FragLegs// Shayne Miel
WriteUserLink : Adding a UserLink : dandavison// Dan Davison
WriteUserLink : Adding a UserLink : bkasel// Ben Kasel
WriteUserLink : Adding a UserLink : fbrundu// Francesco Brundu
WriteUserLink : Adding a UserLink : jdrudolph// Jan Rudolph
WriteUserLink : Adding a UserLink : DGrady// Daniel Grady
WriteUserLink : Adding a UserLink : frankcleary// Frank Cleary
WriteUserLink : Adding a UserLink : Jaydyou// Jan Wagner
WriteUserLink : Adding a UserLink : danieljl// Daniel Julius Lasiman
WriteUserLink : Adding a UserLink : jeffreystarr// Jeffrey Starr
WriteUserLink : Adding a UserLink : fpinter// Frank Pinter
WriteUserLink : Adding a UserLink : swails// Jason Swails
WriteUserLink : Adding a UserLink : FvD// Frans van Dunné
WriteUserLink : Adding a UserLink : wj// Jérémy Wagner
WriteUserLink : Adding a UserLink : jmwoloso// Jason Wolosonovich
WriteUserLink : Adding a UserLink : m3nu// Manu
WriteUserLink : Adding a UserLink : mindw// Gabi Davar
WriteUserLink : Adding a UserLink : jessefarnham// Jesse Farnham
WriteUserLink : Adding a UserLink : jayvius// Jay Bourque
WriteUserLink : Adding a UserLink : mfarrugi// Marco
WriteUserLink : Adding a UserLink : moleary// Mark O'Leary
WriteUserLink : Adding a UserLink : jimmycallin// Jimmy Callin
WriteUserLink : Adding a UserLink : markroth8// Mark Roth
WriteUserLink : Adding a UserLink : MasonGallo// Mason Gallo
WriteUserLink : Adding a UserLink : vii// John Fremlin
WriteUserLink : Adding a UserLink : gambogi// Matt Gambogi
WriteUserLink : Adding a UserLink : jbuyl// Jonas Buyl
WriteUserLink : Adding a UserLink : flamingbear// Matt Savoie
WriteUserLink : Adding a UserLink : mjsu// Matt
WriteUserLink : Adding a UserLink : coroa// Jonas Hörsch
WriteUserLink : Adding a UserLink : mlurie// Matthew Lurie
WriteUserLink : Adding a UserLink : joshlk// Josh Levy-Kramer
WriteUserLink : Adding a UserLink : jleahy// Joshua Leahy
WriteUserLink : Adding a UserLink : m-kuhn// Matthias Kuhn
WriteUserLink : Adding a UserLink : jbochi// Juarez Bochi
WriteUserLink : Adding a UserLink : maxgrenderjones// Max Grender-Jones
WriteUserLink : Adding a UserLink : ajschumacher// Aaron Schumacher
WriteUserLink : Adding a UserLink : mayankasthana// Mayank Asthana
WriteUserLink : Adding a UserLink : mdboom// Michael Droettboom
WriteUserLink : Adding a UserLink : jylin// Justin Lin
WriteUserLink : Adding a UserLink : iled// Júlio
WriteUserLink : Adding a UserLink : KarrieK// Karrie Kehoe
WriteUserLink : Adding a UserLink : kvh// Ken Van Haren
WriteUserLink : Adding a UserLink : Kodiologist// Kodi Arfer
WriteUserLink : Adding a UserLink : khs26// Kyle Sutherland-Cash
WriteUserLink : Adding a UserLink : rgbkrk// Kyle Kelley
WriteUserLink : Adding a UserLink : invalid-email-address// Check your git settings!
WriteUserLink : Adding a UserLink : leifwalsh// Leif Walsh
WriteUserLink : Adding a UserLink : loicseguin// Loïc Séguin-Charbonneau
WriteUserLink : Adding a UserLink : Ludovicus// Ludovicus Maior
WriteUserLink : Adding a UserLink : durden// Luke Lee
WriteUserLink : Adding a UserLink : ethanluoyc// Ethan Luo
WriteUserLink : Adding a UserLink : gaulinmp// Mac
WriteUserLink : Adding a UserLink : skycaptain// Manuel Leonhardt
SearchUserLink : We are looking for Maoyuan Liu in GitHub... Now we go through the forks.
SearchUserLink: no result ... back to main function.
ADDCOMMITS: Found committer, but not author, so for that one we used the e-mailaddress m.liu@bom.gov.au//Maoyuan Liu // 05e734ab171be0fda838c6b12839c38fa588da2c
SearchUserLink : We are looking for Roger Thomas in GitHub... Now we go through the forks.
SearchUserLink: no result ... back to main function.
ADDCOMMITS: Found committer, but not author, so for that one we used the e-mailaddress roger.thomas@cremeglobal.com//Roger Thomas // 5a53f032d686fbaafd0ea7e4b5eee968b61881f1
SearchUserLink : We are looking for Bastiaan in GitHub... Now we go through the forks.
SearchUserLink: no result ... back to main function.
ADDCOMMITS: Found committer, but not author, so for that one we used the e-mailaddress bastiaan.bergman@wdc.com//Bastiaan // afddc4fada7183b9f19aeefe2657778f0224b74b
SearchUserLink : We are looking for Stephen Hoover in GitHub... Now we go through the forks.
SearchUserLink: we found a single hit : stephen-hoover
WriteUserLink : Adding a UserLink : stephen-hoover// Stephen Hoover
SearchUserLink : We are looking for Young Joong Kim in GitHub... Now we go through the forks.
SearchUserLink: no result ... back to main function.
WriteUserLink : Adding a UserLink : joshuastorck// Young Joong Kim
SearchUserLink : We are looking for Mahmoud Lababidi in GitHub... Now we go through the forks.
SearchUserLink: we found a single hit : lababidi
WriteUserLink : Adding a UserLink : lababidi// Mahmoud Lababidi
SearchUserLink : We are looking for Toby Dylan Hocking in GitHub... Now we go through the forks.
SearchUserLink: we found a single hit : tdhock
WriteUserLink : Adding a UserLink : tdhock// Toby Dylan Hocking
SearchUserLink : We are looking for Keming Zhang in GitHub... Now we go through the forks.
SearchUserLink: we found a single hit : kemingts
WriteUserLink : Adding a UserLink : kemingts// Keming Zhang
SearchUserLink : We are looking for Da Wang in GitHub... Now we go through the forks.
SearchUserLink: no result ... back to main function.
ADDCOMMITS: Found committer, but not author, so for that one we used the e-mailaddress dawang@twosigma.com//Da Wang // 7d1499c54dc647b0c2ef5d27cddb6c29971e6045
SearchUserLink : We are looking for Scott E Lasley in GitHub... Now we go through the forks.
SearchUserLink: no result ... back to main function.
ADDCOMMITS: Found committer, but not author, so for that one we used the e-mailaddress slasley@umd.edu//Scott E Lasley // f32b44fed1c2cf815f0c39eb9cb1508cef5ca542
SearchUserLink : We are looking for daniel in GitHub... Now we go through the forks.
SearchUserLink: no result ... back to main function.
ADDCOMMITS: Found committer, but not author, so for that one we used the e-mailaddress git@dan-t.de//daniel // 564166529071d33844712ab6038f6a237ddcb8f1
SearchUserLink : We are looking for Sereger13 in GitHub... Now we go through the forks.
SearchUserLink : We are looking for Rishipuri in GitHub... Now we go through the forks.
SearchUserLink: we found a single hit : Sereger13
WriteUserLink : Adding a UserLink : Sereger13// Sereger13
SearchUserLink: we found a single hit : rishipuri
WriteUserLink : Adding a UserLink : rishipuri// Rishipuri
SearchUserLink: no result ... back to main function.
WriteUserLink : Adding a UserLink : Ezekiel-Kruglick// Zeke
SearchUserLink : We are looking for Hamed Saljooghinejad in GitHub... Now we go through the forks.
SearchUserLink: no result ... back to main function.
WriteUserLink : Adding a UserLink : hamedhsn// Hamed Saljooghinejad
SearchUserLink : We are looking for Michael in GitHub... Now we go through the forks.
SearchUserLink: no result ... back to main function.
WriteUserLink : Adding a UserLink : ksxh// Michael
WriteUserLink : Adding a UserLink : dacoex// dacoex
SearchUserLink : We are looking for Magnus Jöud in GitHub... Now we go through the forks.
SearchUserLink: no result ... back to main function.
WriteUserLink : Adding a UserLink : mjoud// Magnus Jöud
SearchUserLink : We are looking for BrenBarn in GitHub... Now we go through the forks.
SearchUserLink: we found a single hit : BrenBarn
WriteUserLink : Adding a UserLink : BrenBarn// BrenBarn
SearchUserLink : We are looking for Sheppard, Kevin in GitHub... Now we go through the forks.
SearchUserLink: no result ... back to main function.
WriteUserLink : Adding a UserLink : bashtage// Sheppard, Kevin
SearchUserLink : We are looking for Stephen Pascoe in GitHub... Now we go through the forks.
SearchUserLink: we found a single hit : stephenpascoe
WriteUserLink : Adding a UserLink : stephenpascoe// Stephen Pascoe
SearchUserLink : We are looking for Saumitra Shahapure in GitHub... Now we go through the forks.
SearchUserLink: no result ... back to main function.
WriteUserLink : Adding a UserLink : ssaumitra// Saumitra Shahapure
SearchUserLink : We are looking for Spencer Carrucciu in GitHub... Now we go through the forks.
SearchUserLink: no result ... back to main function.
ADDCOMMITS: Found committer, but not author, so for that one we used the e-mailaddress scarrucciu@remedypartners.com//Spencer Carrucciu // 05256849b1127bfbeed1450f54e1cdfb62c53de6
SearchUserLink : We are looking for Kevin Sheppard in GitHub... Now we go through the forks.
SearchUserLink: we found a single hit : bashtage
WriteUserLink : Adding a UserLink : bashtage// Kevin Sheppard
SearchUserLink : We are looking for Kelsey Jordahl in GitHub... Now we go through the forks.
SearchUserLink: we found a single hit : kjordahl
WriteUserLink : Adding a UserLink : kjordahl// Kelsey Jordahl
SearchUserLink : We are looking for Sebastian Pölsterl in GitHub... Now we go through the forks.
SearchUserLink: we found a single hit : sebp
WriteUserLink : Adding a UserLink : sebp// Sebastian Pölsterl
SearchUserLink : We are looking for austinc in GitHub... Now we go through the forks.
SearchUserLink: no result ... back to main function.
ADDCOMMITS: Found committer, but not author, so for that one we used the e-mailaddress craig.austin@aqr.com//austinc // 1400bfa2b4347914f56080c7bb4e388a02cf340c
SearchUserLink : We are looking for Chris Grinolds in GitHub... Now we go through the forks.
SearchUserLink: we found a single hit : cgrin
WriteUserLink : Adding a UserLink : cgrin// Chris Grinolds
SearchUserLink : We are looking for David Hirschfeld in GitHub... Now we go through the forks.
SearchUserLink: no result ... back to main function.
WriteUserLink : Adding a UserLink : dhirschfeld// David Hirschfeld
SearchUserLink : We are looking for lucas in GitHub... Now we go through the forks.
SearchUserLink: no result ... back to main function.
WriteUserLink : Adding a UserLink : bottleimp// lucas
SearchUserLink : We are looking for David BROCHART in GitHub... Now we go through the forks.
SearchUserLink: we found a single hit : davidbrochart
WriteUserLink : Adding a UserLink : davidbrochart// David BROCHART
SearchUserLink : We are looking for mschmohl in GitHub... Now we go through the forks.
SearchUserLink: no result ... back to main function.
WriteUserLink : Adding a UserLink : schmohlio// mschmohl
SearchUserLink : We are looking for Sam Zhang in GitHub... Now we go through the forks.
SearchUserLink: no result ... back to main function.
WriteUserLink : Adding a UserLink : kotfic// Sam Zhang
WriteUserLink : Adding a UserLink : jreback// jreback
SearchUserLink : We are looking for Junya Hayashi in GitHub... Now we go through the forks.
SearchUserLink: we found a single hit : ledmonster
WriteUserLink : Adding a UserLink : ledmonster// Junya Hayashi
SearchUserLink : We are looking for Scott E Lasley in GitHub... Now we go through the forks.
SearchUserLink: no result ... back to main function.
WriteUserLink : Adding a UserLink : selasley// Scott E Lasley
SearchUserLink : We are looking for Scott Lasley in GitHub... Now we go through the forks.
SearchUserLink: we found a single hit : selasley
WriteUserLink : Adding a UserLink : selasley// Scott Lasley
SearchUserLink : We are looking for Ben Schiller in GitHub... Now we go through the forks.
SearchUserLink: we found a single hit : benjschiller
WriteUserLink : Adding a UserLink : benjschiller// Ben Schiller
SearchUserLink : We are looking for Matti Airas in GitHub... Now we go through the forks.
SearchUserLink: we found a single hit : mairas
WriteUserLink : Adding a UserLink : mairas// Matti Airas
SearchUserLink : We are looking for Åsmund Hjulstad in GitHub... Now we go through the forks.
SearchUserLink: we found a single hit : ahjulstad
WriteUserLink : Adding a UserLink : ahjulstad// Åsmund Hjulstad
SearchUserLink : We are looking for Chris Warth in GitHub... Now we go through the forks.
SearchUserLink: we found a single hit : cswarth
WriteUserLink : Adding a UserLink : cswarth// Chris Warth
SearchUserLink : We are looking for Vikram Bhandoh in GitHub... Now we go through the forks.
SearchUserLink: we found a single hit : vikram
WriteUserLink : Adding a UserLink : vikram// Vikram Bhandoh
SearchUserLink : We are looking for broessli in GitHub... Now we go through the forks.
SearchUserLink: we found a single hit : broessli
WriteUserLink : Adding a UserLink : broessli// broessli
SearchUserLink : We are looking for Fabio Zanini in GitHub... Now we go through the forks.
SearchUserLink: we found a single hit : iosonofabio
WriteUserLink : Adding a UserLink : iosonofabio// Fabio Zanini
SearchUserLink : We are looking for unknown in GitHub... Now we go through the forks.
SearchUserLink: no result ... back to main function.
WriteUserLink : Adding a UserLink : jsexauer// unknown
SearchUserLink : We are looking for German Gomez-Herrero in GitHub... Now we go through the forks.
SearchUserLink: no result ... back to main function.
WriteUserLink : Adding a UserLink : germangh// German Gomez-Herrero
WriteUserLink : Adding a UserLink : mtrbean// mtrbean
SearchUserLink : We are looking for anomrake in GitHub... Now we go through the forks.
SearchUserLink: no result ... back to main function.
WriteUserLink : Adding a UserLink : josham// anomrake
SearchUserLink : We are looking for ankostis in GitHub... Now we go through the forks.
SearchUserLink: we found a single hit : ankostis
WriteUserLink : Adding a UserLink : ankostis// ankostis
SearchUserLink : We are looking for Anton Daitche in GitHub... Now we go through the forks.
SearchUserLink: no result ... back to main function.
ADDCOMMITS: Found author, but not committer, so for that one we used the e-mailaddress a_dait01@lifschitz.uni-muenster.de//Anton Daitche // e9c104705d130ff0bfe7d1fb5040e82487c43141
SearchUserLink : We are looking for bashtage in GitHub... Now we go through the forks.
SearchUserLink: we found a single hit : bashtage
WriteUserLink : Adding a UserLink : bashtage// bashtage
SearchUserLink: no result ... back to main function.
WriteUserLink : Adding a UserLink : hhuuggoo// hugo
SearchUserLink : We are looking for Katie Atkinson in GitHub... Now we go through the forks.
SearchUserLink: we found a single hit : KTAtkinson
WriteUserLink : Adding a UserLink : KTAtkinson// Katie Atkinson
SearchUserLink : We are looking for Jonathan Chambers in GitHub... Now we go through the forks.
SearchUserLink: no result ... back to main function.
ADDCOMMITS: Found committer, but not author, so for that one we used the e-mailaddress jonathan.chambers@ben-energy.com//Jonathan Chambers // de64af1f06e1738eeee4aa04fe7cd06062e9a756
SearchUserLink : We are looking for Jonathan Chambers in GitHub... Now we go through the forks.
SearchUserLink: no result ... back to main function.
WriteUserLink : Adding a UserLink : jorisvandenbossche// Jonathan Chambers
SearchUserLink : We are looking for Caleb Epstein in GitHub... Now we go through the forks.
SearchUserLink: we found a single hit : Bklyn
WriteUserLink : Adding a UserLink : Bklyn// Caleb Epstein
SearchUserLink : We are looking for david in GitHub... Now we go through the forks.
SearchUserLink: no result ... back to main function.
ADDCOMMITS: Found committer, but not author, so for that one we used the e-mailaddress hernandrojas@gmail.com//david // e44d52d90f06776e33dbecd0365e08ab18066c05
SearchUserLink : We are looking for Douglas Rudd in GitHub... Now we go through the forks.
SearchUserLink: we found a single hit : drudd
WriteUserLink : Adding a UserLink : drudd// Douglas Rudd
SearchUserLink: no result ... back to main function.
WriteUserLink : Adding a UserLink : bmu// bmu
SearchUserLink : We are looking for monicaBee in GitHub... Now we go through the forks.
SearchUserLink: no result ... back to main function.
WriteUserLink : Adding a UserLink : quaintm// monicaBee
SearchUserLink : We are looking for Kyle Hausmann in GitHub... Now we go through the forks.
SearchUserLink: no result ... back to main function.
SearchUserLink : We are looking for Kyle Hausmann in GitHub... Now we go through the forks.
++++++++++++++++++++++++++++++++++++++++++++++++++++++++++++++++++++++++++
SearchUserLink : We are looking for Dieter Vandenbussche in GitHub... Now we go through the forks.
SearchUserLink: no result ... back to main function.
ADDCOMMITS: According to git author and committer are the same, but no resolve, so for that one we used the two e-mailaddresses dvandenbussche@axioma.com//dvandenbussche@axioma.com//Dieter Vandenbussche//Dieter Vandenbussche // 7a15bdd88d7b4777926d67024fa9e0f15cabb433
SearchUserLink : We are looking for duozhang in GitHub... Now we go through the forks.
SearchUserLink : We are looking for duozhang in GitHub... Now we go through the forks.
SearchUserLink: no result ... back to main function.
SearchUserLink: no result ... back to main function.
WriteUserLink : Adding a UserLink : simomo// duozhang
SearchUserLink : We are looking for stonebig in GitHub... Now we go through the forks.
SearchUserLink: we found a single hit : stonebig
WriteUserLink : Adding a UserLink : stonebig// stonebig
WriteUserLink : Adding a UserLink : dieterv77// Dieter Vandenbussche
SearchUserLink : We are looking for James Casbon in GitHub... Now we go through the forks.
SearchUserLink: we found a single hit : jamescasbon
WriteUserLink : Adding a UserLink : jamescasbon// James Casbon
SearchUserLink : We are looking for locojaydev in GitHub... Now we go through the forks.
SearchUserLink: no result ... back to main function.
ADDCOMMITS: Found committer, but not author, so for that one we used the e-mailaddress locojaydev@dev.com//locojaydev // bc3fcc6ac538d899acab59a3e51b33d906588775
SearchUserLink : We are looking for locojaydev in GitHub... Now we go through the forks.
SearchUserLink: no result ... back to main function.
ADDCOMMITS: Found committer, but not author, so for that one we used the e-mailaddress locojaydev@dev.com//locojaydev // 57590935f5a4125133d660aed8367e6e2b304c78
SearchUserLink : We are looking for locojaydev in GitHub... Now we go through the forks.
SearchUserLink: no result ... back to main function.
ADDCOMMITS: Found committer, but not author, so for that one we used the e-mailaddress locojaydev@dev.com//locojaydev // 40f3d7d833791127b2aa073d8834d5728879ac95
SearchUserLink : We are looking for locojaydev in GitHub... Now we go through the forks.
SearchUserLink: no result ... back to main function.
SearchUserLink : We are looking for locojaydev in GitHub... Now we go through the forks.
SearchUserLink: no result ... back to main function.
WriteUserLink : Adding a UserLink : locojay// locojaydev
SearchUserLink : We are looking for Justin C Johnson in GitHub... Now we go through the forks.
SearchUserLink: no result ... back to main function.
ADDCOMMITS: According to git author and committer are the same, but no resolve, so for that one we used the two e-mailaddresses justin@justinjohnson.io//justin@justinjohnson.io//Justin C Johnson//Justin C Johnson // a72d886ed1d9b715844c2742a7b06b47abdf9e21
SearchUserLink : We are looking for vytas in GitHub... Now we go through the forks.
SearchUserLink: no result ... back to main function.
WriteUserLink : Adding a UserLink : orbitfold// vytas
SearchUserLink : We are looking for Øystein S. Haaland in GitHub... Now we go through the forks.
SearchUserLink: no result ... back to main function.
ADDCOMMITS: Found committer, but not author, so for that one we used the e-mailaddress oystein@beat.no//Øystein S. Haaland // 34e92a54f15d23207dd9b16035e73b896aa67de6
SearchUserLink : We are looking for Johnny in GitHub... Now we go through the forks.
SearchUserLink: no result ... back to main function.
ADDCOMMITS: Found committer, but not author, so for that one we used the e-mailaddress johnnybrown@counsyl.com//Johnny // 6c7ec42cd3015b1cf547a01a5c664db3e3abf42b
SearchUserLink : We are looking for Todd DeLuca in GitHub... Now we go through the forks.
SearchUserLink: no result ... back to main function.
ADDCOMMITS: Found committer, but not author, so for that one we used the e-mailaddress no-spam@todddeluca.com//Todd DeLuca // 94d2e1d12072ca5b802256873d03015181d83ada
SearchUserLink : We are looking for Todd DeLuca in GitHub... Now we go through the forks.
SearchUserLink: no result ... back to main function.
ADDCOMMITS: Found committer, but not author, so for that one we used the e-mailaddress no-spam@todddeluca.com//Todd DeLuca // e1129b11b1fe0016748d3d279000a2a71db8dee5
SearchUserLink : We are looking for Lorenzo Bolla in GitHub... Now we go through the forks.
SearchUserLink: we found a single hit : lbolla
WriteUserLink : Adding a UserLink : lbolla// Lorenzo Bolla
SearchUserLink : We are looking for thuske in GitHub... Now we go through the forks.
SearchUserLink: we found a single hit : thuske
WriteUserLink : Adding a UserLink : thuske// thuske
SearchUserLink: no result ... back to main function.
ADDCOMMITS: Found committer, but not author, so for that one we used the e-mailaddress josh@josh-hp-pavilion-dv6-notebook-pc.(none)//Josh // 6ba8a50786bdc896b74880b61d1b48858ae8ae58
SearchUserLink: no result ... back to main function.
ADDCOMMITS: Found committer, but not author, so for that one we used the e-mailaddress josh@josh-hp-pavilion-dv6-notebook-pc.(none)//Josh // 17eec3fc7b39196c709407c23743aeb1921c33df
SearchUserLink: no result ... back to main function.
ADDCOMMITS: Found committer, but not author, so for that one we used the e-mailaddress josh@josh-hp-pavilion-dv6-notebook-pc.(none)//Josh // 0bf1d1774f941f5d88abf84ce5e46cd41f14f639
SearchUserLink : We are looking for elpres in GitHub... Now we go through the forks.
SearchUserLink: no result ... back to main function.
WriteUserLink : Adding a UserLink : elpres// elpres
SearchUserLink : We are looking for Joon Ro in GitHub... Now we go through the forks.
SearchUserLink: we found a single hit : joonro
WriteUserLink : Adding a UserLink : joonro// Joon Ro
SearchUserLink : We are looking for Jeff Hammerbacher in GitHub... Now we go through the forks.
SearchUserLink: we found a single hit : hammer
WriteUserLink : Adding a UserLink : hammer// Jeff Hammerbacher
++++++++++++++++++++++++++++++++++++++++++++++++++++++++++++++++++++++++++
SearchUserLink : We are looking for Nick Pentreath in GitHub... Now we go through the forks.
SearchUserLink: we found a single hit : MLnick
WriteUserLink : Adding a UserLink : MLnick// Nick Pentreath
Commits Finished 458
++++++++++++++++++++++++++++++++++++++++++++++++++++++++++++++++++++++++++
SearchUserLink : We are looking for Nick Pentreath in GitHub... Now we go through the forks.
SearchUserLink: we found a single hit : MLnick
WriteUserLink : Adding a UserLink : MLnick// Nick Pentreath
Commits Finished 458
++++++++++++++++++++++++++++++++++++++++++++++++++++++++++++++++++++++++++
SearchUserLink : We are looking for Nick Pentreath in GitHub... Now we go through the forks.
SearchUserLink: we found a single hit : MLnick
WriteUserLink : Adding a UserLink : MLnick// Nick Pentreath
Commits Finished 458
Finished 436
++++++++++++++++++++++++++++++++++++++++++++++++++++++++++++++++++++++++++
++++++++++++++++++++++++++++++++++++++++++++++++++++++++++++++++++++++++++
++++++++++++++++++++++++++++++++++++++++++++++++++++++++++++++++++++++++++
++++++++++++++++++++++++++++++++++++++++++++++++++++++++++++++++++++++++++
++++++++++++++++++++++++++++++++++++++++++++++++++++++++++++++++++++++++++
++++++++++++++++++++++++++++++++++++++++++++++++++++++++++++++++++++++++++
++++++++++++++++++++++++++++++++++++++++++++++++++++++++++++++++++++++++++
++++++++++++++++++++++++++++++++++++++++++++++++++++++++++++++++++++++++++
TRANSFORMISSUES : donedone
TRANSFORMCOMMITS : donedone
